STT,RoomID
1,R#128
2,R#129
3,R#130
4,R#131
5,R#132
6,R#133
7,R#134
8,R#135
9,R#136
10,R#137
11,R#138
12,R#139
13,R#140
14,R#141
15,R#142
16,R#143
17,R#144
18,R#145
19,R#146
20,R#147
21,R#148
22,R#149
23,R#150
24,R#151
25,R#152
26,R#153
27,R#154
28,R#155
29,R#156
30,R#157
31,R#158
32,R#159
33,R#160
34,R#161
35,R#162
36,R#163
37,R#164
38,R#165
39,R#166
40,R#167
41,R#168
42,R#169
43,R#170
44,R#171
45,R#172
46,R#173
47,R#174
48,R#175
49,R#176
50,R#177
51,R#178
52,R#179
53,R#180
54,R#181
55,R#182
56,R#183
57,R#184
58,R#185
59,R#186
60,R#187
61,R#188
62,R#189
63,R#190
64,R#191
65,R#192
66,R#193
67,R#194
68,R#195
69,R#196
70,R#197
71,R#198
72,R#199
73,R#200
74,R#201
75,R#202
76,R#203
77,R#204
78,R#205
79,R#206
80,R#207
81,R#208
82,R#209
83,R#210
84,R#211
85,R#212
86,R#213
87,R#214
88,R#215
89,R#216
90,R#217
91,R#218
92,R#219
93,R#220
94,R#221
95,R#222
96,R#223
97,R#224
98,R#225
99,R#226
100,R#227
101,R#228
102,R#229
103,R#230
104,R#231
105,R#232
106,R#233
107,R#234
108,R#235
109,R#236
110,R#237
111,R#238
112,R#239
113,R#240
114,R#241
115,R#242
116,R#243
117,R#244
118,R#245
119,R#246
120,R#247
121,R#248
122,R#249
123,R#250
124,R#251
125,R#252
126,R#253
127,R#254
128,R#255
129,R#256
130,R#257
131,R#258
132,R#259
133,R#260
134,R#261
135,R#262
136,R#263
137,R#264
138,R#265
139,R#266
140,R#267
141,R#268
142,R#269
143,R#270
144,R#271
145,R#272
146,R#273
147,R#274
148,R#275
149,R#276
150,R#277
151,R#278
152,R#279
153,R#280
154,R#281
155,R#282
156,R#283
157,R#284
158,R#285
159,R#286
160,R#287
161,R#288
162,R#289
163,R#290
164,R#291
165,R#292
166,R#293
167,R#294
168,R#295
169,R#296
170,R#297
171,R#298
172,R#299
173,R#300
174,R#301
175,R#302
176,R#303
177,R#304
178,R#305
179,R#306
180,R#307
181,R#308
182,R#309
183,R#310
184,R#311
185,R#312
186,R#313
187,R#314
188,R#315
189,R#316
190,R#317
191,R#318
192,R#319
193,R#320
194,R#321
195,R#322
196,R#323
197,R#324
198,R#325
199,R#326
200,R#327
201,R#328
202,R#329
203,R#330
204,R#331
205,R#332
206,R#333
207,R#334
208,R#335
209,R#336
210,R#337
211,R#338
212,R#339
213,R#340
214,R#341
215,R#342
216,R#343
217,R#344
218,R#345
219,R#346
220,R#347
221,R#348
222,R#349
223,R#350
224,R#351
225,R#352
226,R#353
227,R#354
228,R#355
229,R#356
230,R#357
231,R#358
232,R#359
233,R#360
234,R#361
235,R#362
236,R#363
237,R#364
238,R#365
239,R#366
240,R#367
241,R#368
242,R#369
243,R#370
244,R#371
245,R#372
246,R#373
247,R#374
248,R#375
249,R#376
250,R#377
251,R#378
252,R#379
253,R#380
254,R#381
255,R#382
256,R#383
257,R#384
258,R#385
259,R#386
260,R#387
261,R#388
262,R#389
263,R#390
264,R#391
265,R#392
266,R#393
267,R#394
268,R#395
269,R#396
270,R#397
271,R#398
272,R#399
273,R#400
274,R#401
275,R#402
276,R#403
277,R#404
278,R#405
279,R#406
280,R#407
281,R#408
282,R#409
283,R#410
284,R#411
285,R#412
286,R#413
287,R#414
288,R#415
289,R#416
290,R#417
291,R#418
292,R#419
293,R#420
294,R#421
295,R#422
296,R#423
297,R#424
298,R#425
299,R#426
300,R#427
301,R#428
302,R#429
303,R#430
304,R#431
305,R#432
306,R#433
307,R#434
308,R#435
309,R#436
310,R#437
311,R#438
312,R#439
313,R#440
314,R#441
315,R#442
316,R#443
317,R#444
318,R#445
319,R#446
320,R#447
321,R#448
322,R#449
323,R#450
324,R#451
325,R#452
326,R#453
327,R#454
328,R#455
329,R#456
330,R#457
331,R#458
332,R#459
333,R#460
334,R#461
335,R#462
336,R#463
337,R#464
338,R#465
339,R#466
340,R#467
341,R#468
342,R#469
343,R#470
344,R#471
345,R#472
346,R#473
347,R#474
348,R#475
349,R#476
350,R#477
351,R#478
352,R#479
353,R#480
354,R#481
355,R#482
356,R#483
357,R#484
358,R#485
359,R#486
360,R#487
361,R#488
362,R#489
363,R#490
364,R#491
365,R#492
366,R#493
367,R#494
368,R#495
369,R#496
370,R#497
371,R#498
372,R#499
373,R#500
374,R#501
375,R#502
376,R#503
377,R#504
378,R#505
379,R#506
380,R#507
381,R#508
382,R#509
383,R#510
384,R#511
385,R#512
386,R#513
387,R#514
388,R#515
389,R#516
390,R#517
391,R#518
392,R#519
393,R#520
394,R#521
395,R#522
396,R#523
397,R#524
398,R#525
399,R#526
400,R#527
401,R#528
402,R#529
403,R#530
404,R#531
405,R#532
406,R#533
407,R#534
408,R#535
409,R#536
410,R#537
411,R#538
412,R#539
413,R#540
414,R#541
415,R#542
416,R#543
417,R#544
418,R#545
419,R#546
420,R#547
421,R#548
422,R#549
423,R#550
424,R#551
425,R#552
426,R#553
427,R#554
428,R#555
429,R#556
430,R#557
431,R#558
432,R#559
433,R#560
434,R#561
435,R#562
436,R#563
437,R#564
438,R#565
439,R#566
440,R#567
441,R#568
442,R#569
443,R#570
444,R#571
445,R#572
446,R#573
447,R#574
448,R#575
449,R#576
450,R#577
451,R#578
452,R#579
453,R#580
454,R#581
455,R#582
456,R#583
457,R#584
458,R#585
459,R#586
460,R#587
461,R#588
462,R#589
463,R#590
464,R#591
465,R#592
466,R#593
467,R#594
468,R#595
469,R#596
470,R#597
471,R#598
472,R#599
473,R#600
474,R#601
475,R#602
476,R#603
477,R#604
478,R#605
479,R#606
480,R#607
481,R#608
482,R#609
483,R#610
484,R#611
485,R#612
486,R#613
487,R#614
